{"sections":{"main":{"type":"main-product","blocks":{"vendor":{"type":"vendor","settings":{}},"title":{"type":"title","settings":{"heading_tag":"h2"}},"badges":{"type":"badges","settings":{}},"price":{"type":"price","settings":{"show_taxes_notice":false}},"rating":{"type":"rating","settings":{"show_empty":false}},"payment_terms":{"type":"payment_terms","settings":{}},"separator":{"type":"separator","settings":{}},"description":{"type":"description","settings":{"icon":"none","icon_width":20,"collapse_content":false}},"variant_picker":{"type":"variant_picker","settings":{"hide_sold_out_variants":false,"stack_blocks":true,"selector_style":"block","swatch_selector_style":"swatch","variant_image_options":"","size_chart_page":""}},"quantity_selector":{"type":"quantity_selector","settings":{}},"buy_buttons":{"type":"buy_buttons","settings":{"show_payment_button":true,"show_gift_card_recipient":true,"atc_button_background":"","atc_button_text_color":"","payment_button_background":"","payment_button_text_color":""}}},"block_order":["vendor","title","badges","price","rating","payment_terms","separator","description","variant_picker","quantity_selector","buy_buttons"],"disabled":true,"settings":{"full_width":true,"show_fixed_add_to_cart":true,"desktop_media_width":55,"desktop_media_layout":"carousel_thumbnails_left","mobile_media_size":"expanded","mobile_carousel_control":"floating_dots","enable_video_autoplay":false,"enable_video_looping":true,"enable_image_zoom":true,"max_image_zoom_level":3,"background":"","background_gradient":"","text_color":"","input_background":"rgba(0,0,0,0)","input_text_color":""}},"image_with_text_overlay_8hmEMK":{"type":"image-with-text-overlay","blocks":{"heading_ArBy8F":{"type":"heading","settings":{"text":"We help you lift more than just your shape","heading_tag":"h2"}}},"block_order":["heading_ArBy8F"],"settings":{"full_width":true,"allow_transparent_header":false,"enable_parallax":false,"image_size":"auto","image":"shopify:\/\/shop_images\/braANNER2.png","mobile_text_position":"place-self-center text-center","desktop_text_position":"sm:place-self-center sm:text-center","text_color":"#f5ede3","overlay_color":"#000000","overlay_opacity":0}},"logo_list_tbdxTq":{"type":"logo-list","blocks":{"logo_8V8Gbr":{"type":"logo","settings":{"logo":"shopify:\/\/shop_images\/GQ_1.png","logo_width":150,"link":""}},"logo_G6e6Fi":{"type":"logo","settings":{"logo":"shopify:\/\/shop_images\/COSMOPOLITAN.png","logo_width":150,"link":""}},"logo_beViC3":{"type":"logo","settings":{"logo":"shopify:\/\/shop_images\/VOGUE.png","logo_width":150,"link":""}},"logo_cxJmFR":{"type":"logo","settings":{"logo":"shopify:\/\/shop_images\/GLAMOUR.png","logo_width":150,"link":""}}},"block_order":["logo_8V8Gbr","logo_G6e6Fi","logo_beViC3","logo_cxJmFR"],"settings":{"full_width":true,"stack_mobile":true,"title":"As seen on","content":"","text_alignment":"start","items_per_row":4,"background":"","background_gradient":"","text_color":"","heading_color":"","heading_gradient":"","logo_item_background":"","logo_item_border":""}},"rich_text_HC4Gx6":{"type":"rich-text","blocks":{"heading_npUy7z":{"type":"heading","settings":{"text":"Why Choose Us","heading_tag":"h1","text_color":"","gradient":""}}},"block_order":["heading_npUy7z"],"settings":{"full_width":true,"content_width":"small","text_position":"center","background":"","background_gradient":"","text_color":""}},"text_with_icons_Lftckz":{"type":"text-with-icons","blocks":{"item_HEMi6Y":{"type":"item","settings":{"icon":"picto-coupon","custom_icon":"shopify:\/\/shop_images\/silhouette-de-robe-sexy-feminine.png","mobile_icon_width":72,"icon_width":72,"icon_background_type":"none","icon_background":"","icon_color":"","title":"Say Goodbye to Back Bulges","content":"<p>Smooths and shapes your back for a sleek, seamless look under any outfit. No more awkward bra lines<\/p>"}},"item_PRqcgX":{"type":"item","settings":{"icon":"picto-coupon","custom_icon":"shopify:\/\/shop_images\/doux.png","mobile_icon_width":72,"icon_width":72,"icon_background_type":"none","icon_background":"","icon_color":"","title":"Incredibly Soft","content":"<p>Our fabrics are <strong>gentle on sensitive skin<\/strong>, ensuring <strong>all-day comfort<\/strong> without irritation<\/p>"}},"item_394TG3":{"type":"item","settings":{"icon":"picto-coupon","custom_icon":"shopify:\/\/shop_images\/respirant.png","mobile_icon_width":72,"icon_width":72,"icon_background_type":"none","icon_background":"","icon_color":"","title":"Ultra Breathable","content":"<p>Lightweight and <strong>wicks<\/strong> <strong>sweat away<\/strong>, it keeps you <strong>cool and fresh<\/strong><\/p>"}}},"block_order":["item_HEMi6Y","item_PRqcgX","item_394TG3"],"settings":{"full_width":true,"stack_on_mobile":false,"title":"","heading_tag":"h5","text_alignment":"center","icon_spacing":"medium","background":"","background_gradient":"","text_color":""}},"text_with_icons_afrqUg":{"type":"text-with-icons","blocks":{"item_GgmMdJ":{"type":"item","settings":{"icon":"picto-coupon","custom_icon":"shopify:\/\/shop_images\/360-degres.png","mobile_icon_width":72,"icon_width":72,"icon_background_type":"none","icon_background":"","icon_color":"","title":"360° Sculpting Support","content":"<p>Designed to <strong>move with you<\/strong>, this bra <strong>hugs your curves<\/strong> for a <strong>flawless, seamless<\/strong> look<\/p>"}},"item_eNTDRT":{"type":"item","settings":{"icon":"picto-coupon","custom_icon":"shopify:\/\/shop_images\/flocon-de-neige.png","mobile_icon_width":72,"icon_width":72,"icon_background_type":"none","icon_background":"","icon_color":"","title":"Cool & Comfortable","content":"<p>Our products are made to be better—more comfortable, supportive, and long-lasting than regular activewear<\/p>"}},"item_t6MKfh":{"type":"item","settings":{"icon":"picto-coupon","custom_icon":"shopify:\/\/shop_images\/facile-a-utiliser.png","mobile_icon_width":72,"icon_width":72,"icon_background_type":"none","icon_background":"","icon_color":"","title":"Forget Constant Adjustments","content":"<p>No more pulling, tugging, or fixing straps throughout the day, just effortless, all-day confidence<\/p>"}}},"block_order":["item_GgmMdJ","item_eNTDRT","item_t6MKfh"],"settings":{"full_width":true,"stack_on_mobile":false,"title":"","heading_tag":"h5","text_alignment":"center","icon_spacing":"medium","background":"","background_gradient":"","text_color":""}},"rich_text_xiWjbK":{"type":"rich-text","blocks":{"heading_NiNjjD":{"type":"heading","settings":{"text":"Made to Hug Your Curves","heading_tag":"h1","text_color":"","gradient":""}}},"block_order":["heading_NiNjjD"],"settings":{"full_width":true,"content_width":"small","text_position":"center","background":"","background_gradient":"","text_color":""}},"video_WFqJhi":{"type":"video","settings":{"full_width":true,"allow_transparent_header":false,"autoplay":true,"video_size":"auto","video":"shopify:\/\/files\/videos\/WIRELESSbraiVid.mp4","external_video_url":"https:\/\/www.youtube.com\/watch?v=_9VUPq3SxOc","text_color":"#ffffff","overlay_color":"#000000","overlay_opacity":0}},"multi_column_rn9rMX":{"type":"multi-column","blocks":{"item_mn7LHa":{"type":"item","settings":{"image":"shopify:\/\/shop_images\/BRAREVIEWS1.png","column_size":"3","title":"Jacqueline S.","heading_tag":"h4","content":"<p>I was skeptical at first, thinking this would be just another disappointment. But wow, was I wrong! I now own two and will definitely be buying more. The comfort is unmatched, the support is amazing, and the best part? It holds up perfectly in the wash no need to remove the padding!<\/p>","link_url":"","link_text":"","link_style":"link"}},"item_eqFKCP":{"type":"item","settings":{"image":"shopify:\/\/shop_images\/BRAREVIEWS2.png","column_size":"3","title":"Emily A.","heading_tag":"h4","content":"<p>I’m beyond impressed with this bra! It provides incredible support without rolling up or needing constant readjustments. Stays perfectly in place all day, and the comfort is unbeatable. Definitely my new favorite I’m getting more!<\/p><p><\/p><p><\/p><p><\/p><p><\/p><p><\/p><p><\/p><p><\/p>","link_url":"","link_text":"","link_style":"link"}},"item_BVEpBq":{"type":"item","settings":{"image":"shopify:\/\/shop_images\/BRAREVIEWS3.png","column_size":"3","title":"Brenda W.","heading_tag":"h4","content":"<p>I’m truly amazed at how well this bra fits! It stays in place all day without rolling up or needing constant adjustments like others I’ve tried. The support and comfort are unmatched definitely my new go-to, and I’ll be getting more!<\/p>","link_url":"","link_text":"","link_style":"link"}},"item_M6ygc3":{"type":"item","settings":{"image":"shopify:\/\/shop_images\/BRAREVIEWS4.png","column_size":"3","title":"Elizabeth R.","heading_tag":"h4","content":"<p>I absolutely love the fabric it's incredibly soft with just the right amount of stretch! It feels so gentle against the skin, making it perfect for all-day wear. Plus, the support is amazing, giving me both comfort and confidence throughout the day!<\/p>","link_url":"","link_text":"","link_style":"link"}},"item_nFyiGm":{"type":"item","settings":{"image":"shopify:\/\/shop_images\/BRAREVIEWS5.png","column_size":"3","title":"Maria V.","heading_tag":"h4","content":"<p>I wasn’t expecting much from this bra, but I’m honestly so impressed! It’s incredibly comfortable, stays in place all day, and provides a great lift while smoothing my back. It may not be the most stylish bra out there, but it does exactly what I need and I’m already planning to buy more!<\/p>","link_url":"","link_text":"","link_style":"link"}},"item_XGgQmw":{"type":"item","settings":{"image":"shopify:\/\/shop_images\/BRAREVIEWS6.png","column_size":"3","title":"Janice L.","heading_tag":"h4","content":"<p>This bra is an absolute game-changer! The comfort is unmatched, and the lift is incredible. It fits so seamlessly that I forget I’m even wearing it definitely a new favorite!<\/p>","link_url":"","link_text":"","link_style":"link"}}},"block_order":["item_mn7LHa","item_eqFKCP","item_BVEpBq","item_M6ygc3","item_nFyiGm","item_XGgQmw"],"settings":{"full_width":true,"stack_on_mobile":false,"gap":"medium","text_alignment":"start","subheading":"","title":"Our customers say it best!","content":"","background":"","background_gradient":"","text_color":""}},"featured_product_JPagKf":{"type":"featured-product","blocks":{"liquid_9AjnKH":{"type":"liquid","settings":{"liquid":"<style>\n    .rating {\n        display: inline-flex;\n        align-items: center;\n        font-size: 1.5rem;\n    }\n\n    .star {\n        color: #20EC8B;\n        margin-right: -3px;\n    }\n\n    .star-empty {\n        color: black;\n    }\n\n    .rating-text {\n        margin-left: 5px;\n        font-size: 1rem;\n        color: #;\n    }\n\n    .rating-text span {\n        margin-right: 5px; \/* Ajoute un espace entre les éléments *\/\n    }\n<\/style>\n\n<\/head>\n<body>\n\n    <div class=\"rating\">\n        <span class=\"star\">&#9733;<\/span>\n        <span class=\"star\">&#9733;<\/span>\n        <span class=\"star\">&#9733;<\/span>\n        <span class=\"star\">&#9733;<\/span>\n        <span class=\"star\">&#9733;<\/span>\n        <div class=\"rating-text\">\n            <span>4.8\/5<\/span> <span>Loved by 35,000+ Customers<\/span>\n        <\/div>\n    <\/div>\n\n<\/body>\n<\/html>"}},"title_tRhVNA":{"type":"title","settings":{"heading_tag":"h2"}},"liquid_xV7gjJ":{"type":"liquid","settings":{"liquid":"<style>\n  .blink {\n    animation: blink-animation 1.5s steps(5, start) infinite;\n    color: red;\n    display: inline-block; \/* Display as inline-block *\/\n    vertical-align: middle; \/* Align vertically to middle *\/\n    font-size: 10px; \/* Set font size *\/\n  }\n\n  @keyframes blink-animation {\n    to {\n      visibility: hidden;\n    }\n  }\n\n  .red-div {\n    background-color: #ffcccc;\n    padding: 2px 10px; \/* 6px vertical, 10px horizontal *\/\n    border-radius: 8px; \/* Rounded corners *\/\n    display: inline-block; \/* Display as inline-block *\/\n    text-align: center; \/* Center align the content *\/\n    margin: 0 auto; \/* Horizontally center the red-div *\/\n  }\n\n  .text {\n    display: inline-block; \/* Display as inline-block *\/\n    vertical-align: middle; \/* Align vertically to middle *\/\n    margin-left: 10px; \/* Add some space between the dot and the text *\/\n    color: #AD0000; \/* Text color *\/\n    font-weight: 500; \/* Medium font weight *\/\n    font-size: 12px; \/* Set font size *\/\n    text-align: justify; \/* Justify the text to the center *\/\n  }\n<\/style>\n\n<div class=\"red-div\">\n  <div class=\"blink\">&#9679;<\/div>\n  <div class=\"text\">Only a few left in stock.<\/div>\n<\/div>"}},"buy_buttons_ViWrWf":{"type":"buy_buttons","settings":{"show_payment_button":false,"show_gift_card_recipient":true,"atc_button_background":"","atc_button_text_color":"","payment_button_background":"","payment_button_text_color":""}},"liquid_KYTnyh":{"type":"liquid","settings":{"liquid":"<ul class=\"list list-payment\" role=\"list\" \n    style=\"list-style: none; padding: 0; margin: auto; \n           display: flex; flex-wrap: wrap; align-items: center; \n           justify-content: flex-start; gap: 15px;\">\n \n<\/li><li class=\"list-payment__item\">\n                  <svg class=\"icon icon--full-color\" xmlns=\"http:\/\/www.w3.org\/2000\/svg\" role=\"img\" aria-labelledby=\"pi-american_express\" \n\t\t\t\t  viewBox=\"0 0 38 24\" width=\"48\" height=\"30\"><title id=\"pi-american_express\">American Express<\/title>\n\t\t\t\t  <path fill=\"#000\" d=\"M35 0H3C1.3 0 0 1.3 0 3v18c0 1.7 1.4 3 3 3h32c1.7 0 3-1.3 3-3V3c0-1.7-1.4-3-3-3Z\" opacity=\".07\"><\/path>\n\t\t\t\t  <path fill=\"#006FCF\" d=\"M35 1c1.1 0 2 .9 2 2v18c0 1.1-.9 2-2 2H3c-1.1 0-2-.9-2-2V3c0-1.1.9-2 2-2h32Z\"><\/path>\n\t\t\t\t  <path fill=\"#FFF\" d=\"M22.012 19.936v-8.421L37 11.528v2.326l-1.732 1.852L37 17.573v2.375h-2.766l-1.47-1.622-1.46 1.628-9.292-.02Z\"><\/path>\n\t\t\t\t  <path fill=\"#006FCF\" d=\"M23.013 19.012v-6.57h5.572v1.513h-3.768v1.028h3.678v1.488h-3.678v1.01h3.768v1.531h-5.572Z\"><\/path>\n\t\t\t\t  <path fill=\"#006FCF\" d=\"m28.557 19.012 3.083-3.289-3.083-3.282h2.386l1.884 2.083 1.89-2.082H37v.051l-3.017 3.23L37 18.92v.093h-2.307l-1.917-2.103-1.898 2.104h-2.321Z\">\n\t\t\t\t  <\/path><path fill=\"#FFF\" d=\"M22.71 4.04h3.614l1.269 2.881V4.04h4.46l.77 2.159.771-2.159H37v8.421H19l3.71-8.421Z\"><\/path>\n\t\t\t\t  <path fill=\"#006FCF\" d=\"m23.395 4.955-2.916 6.566h2l.55-1.315h2.98l.55 1.315h2.05l-2.904-6.566h-2.31Zm.25 3.777.875-2.09.873 2.09h-1.748Z\"><\/path>\n\t\t\t\t  <path fill=\"#006FCF\" d=\"M28.581 11.52V4.953l2.811.01L32.84 9l1.456-4.046H37v6.565l-1.74.016v-4.51l-1.644 4.494h-1.59L30.35 7.01v4.51h-1.768Z\"><\/path>\n\t\t\t\t  <\/svg>\n \n \n<\/li><li class=\"list-payment__item\">\n                  <svg class=\"icon icon--full-color\" version=\"1.1\" xmlns=\"http:\/\/www.w3.org\/2000\/svg\" role=\"img\" x=\"0\" y=\"0\" width=\"48\" height=\"30\" \n\t\t\t\t  viewBox=\"0 0 165.521 105.965\" xml:space=\"preserve\" aria-labelledby=\"pi-apple_pay\"><title id=\"pi-apple_pay\">Apple Pay<\/title>\n\t\t\t\t  <path fill=\"#000\" d=\"M150.698 0H14.823c-.566 0-1.133 0-1.698.003-.477.004-.953.009-1.43.022-1.039.028-2.087.09-3.113.274a10.51 10.51 0 0 0-2.958.975 9.932 9.932 0 0 0-4.35 4.35 10.463 10.463 0 0 0-.975 2.96C.113 9.611.052 10.658.024 11.696a70.22 70.22 0 0 0-.022 1.43C0 13.69 0 14.256 0 14.823v76.318c0 .567 0 1.132.002 1.699.003.476.009.953.022 1.43.028 1.036.09 2.084.275 3.11a10.46 10.46 0 0 0 .974 2.96 9.897 9.897 0 0 0 1.83 2.52 9.874 9.874 0 0 0 2.52 1.83c.947.483 1.917.79 2.96.977 1.025.183 2.073.245 3.112.273.477.011.953.017 1.43.02.565.004 1.132.004 1.698.004h135.875c.565 0 1.132 0 1.697-.004.476-.002.952-.009 1.431-.02 1.037-.028 2.085-.09 3.113-.273a10.478 10.478 0 0 0 2.958-.977 9.955 9.955 0 0 0 4.35-4.35c.483-.947.789-1.917.974-2.96.186-1.026.246-2.074.274-3.11.013-.477.02-.954.022-1.43.004-.567.004-1.132.004-1.699V14.824c0-.567 0-1.133-.004-1.699a63.067 63.067 0 0 0-.022-1.429c-.028-1.038-.088-2.085-.274-3.112a10.4 10.4 0 0 0-.974-2.96 9.94 9.94 0 0 0-4.35-4.35A10.52 10.52 0 0 0 156.939.3c-1.028-.185-2.076-.246-3.113-.274a71.417 71.417 0 0 0-1.431-.022C151.83 0 151.263 0 150.698 0z\"><\/path>\n\t\t\t\t  <path fill=\"#FFF\" d=\"M150.698 3.532l1.672.003c.452.003.905.008 1.36.02.793.022 1.719.065 2.583.22.75.135 1.38.34 1.984.648a6.392 6.392 0 0 1 2.804 2.807c.306.6.51 1.226.645 1.983.154.854.197 1.783.218 2.58.013.45.019.9.02 1.36.005.557.005 1.113.005 1.671v76.318c0 .558 0 1.114-.004 1.682-.002.45-.008.9-.02 1.35-.022.796-.065 1.725-.221 2.589a6.855 6.855 0 0 1-.645 1.975 6.397 6.397 0 0 1-2.808 2.807c-.6.306-1.228.511-1.971.645-.881.157-1.847.2-2.574.22-.457.01-.912.017-1.379.019-.555.004-1.113.004-1.669.004H14.801c-.55 0-1.1 0-1.66-.004a74.993 74.993 0 0 1-1.35-.018c-.744-.02-1.71-.064-2.584-.22a6.938 6.938 0 0 1-1.986-.65 6.337 6.337 0 0 1-1.622-1.18 6.355 6.355 0 0 1-1.178-1.623 6.935 6.935 0 0 1-.646-1.985c-.156-.863-.2-1.788-.22-2.578a66.088 66.088 0 0 1-.02-1.355l-.003-1.327V14.474l.002-1.325a66.7 66.7 0 0 1 .02-1.357c.022-.792.065-1.717.222-2.587a6.924 6.924 0 0 1 .646-1.981c.304-.598.7-1.144 1.18-1.623a6.386 6.386 0 0 1 1.624-1.18 6.96 6.96 0 0 1 1.98-.646c.865-.155 1.792-.198 2.586-.22.452-.012.905-.017 1.354-.02l1.677-.003h135.875\"><\/path>\n\t\t\t\t  <g><g><path fill=\"#000\" d=\"M43.508 35.77c1.404-1.755 2.356-4.112 2.105-6.52-2.054.102-4.56 1.355-6.012 3.112-1.303 1.504-2.456 3.959-2.156 6.266 2.306.2 4.61-1.152 6.063-2.858\"><\/path><path fill=\"#000\" d=\"M45.587 39.079c-3.35-.2-6.196 1.9-7.795 1.9-1.6 0-4.049-1.8-6.698-1.751-3.447.05-6.645 2-8.395 5.1-3.598 6.2-.95 15.4 2.55 20.45 1.699 2.5 3.747 5.25 6.445 5.151 2.55-.1 3.549-1.65 6.647-1.65 3.097 0 3.997 1.65 6.696 1.6 2.798-.05 4.548-2.5 6.247-5 1.95-2.85 2.747-5.6 2.797-5.75-.05-.05-5.396-2.101-5.446-8.251-.05-5.15 4.198-7.6 4.398-7.751-2.399-3.548-6.147-3.948-7.447-4.048\"><\/path>\n\t\t\t\t  <\/g><g><path fill=\"#000\" d=\"M78.973 32.11c7.278 0 12.347 5.017 12.347 12.321 0 7.33-5.173 12.373-12.529 12.373h-8.058V69.62h-5.822V32.11h14.062zm-8.24 19.807h6.68c5.07 0 7.954-2.729 7.954-7.46 0-4.73-2.885-7.434-7.928-7.434h-6.706v14.894z\"><\/path><path fill=\"#000\" d=\"M92.764 61.847c0-4.809 3.665-7.564 10.423-7.98l7.252-.442v-2.08c0-3.04-2.001-4.704-5.562-4.704-2.938 0-5.07 1.507-5.51 3.82h-5.252c.157-4.86 4.731-8.395 10.918-8.395 6.654 0 10.995 3.483 10.995 8.89v18.663h-5.38v-4.497h-.13c-1.534 2.937-4.914 4.782-8.579 4.782-5.406 0-9.175-3.222-9.175-8.057zm17.675-2.417v-2.106l-6.472.416c-3.64.234-5.536 1.585-5.536 3.95 0 2.288 1.975 3.77 5.068 3.77 3.95 0 6.94-2.522 6.94-6.03z\"><\/path><path fill=\"#000\" d=\"M120.975 79.652v-4.496c.364.051 1.247.103 1.715.103 2.573 0 4.029-1.09 4.913-3.899l.52-1.663-9.852-27.293h6.082l6.863 22.146h.13l6.862-22.146h5.927l-10.216 28.67c-2.34 6.577-5.017 8.735-10.683 8.735-.442 0-1.872-.052-2.261-.157z\"><\/path><\/g><\/g>\n\t\t\t\t\t<\/svg>\n \n <\/li><li class=\"list-payment__item\">\n                  <svg class=\"icon icon--full-color\" xmlns=\"http:\/\/www.w3.org\/2000\/svg\" role=\"img\" viewBox=\"0 0 38 24\" width=\"48\" height=\"30\" aria-labelledby=\"pi-google_pay\"><title id=\"pi-google_pay\">Google Pay<\/title>\n\t\t\t\t  <path d=\"M35 0H3C1.3 0 0 1.3 0 3v18c0 1.7 1.4 3 3 3h32c1.7 0 3-1.3 3-3V3c0-1.7-1.4-3-3-3z\" fill=\"#000\" opacity=\".07\"><\/path>\n\t\t\t\t  <path d=\"M35 1c1.1 0 2 .9 2 2v18c0 1.1-.9 2-2 2H3c-1.1 0-2-.9-2-2V3c0-1.1.9-2 2-2h32\" fill=\"#FFF\"><\/path>\n\t\t\t\t  <path d=\"M18.093 11.976v3.2h-1.018v-7.9h2.691a2.447 2.447 0 0 1 1.747.692 2.28 2.28 0 0 1 .11 3.224l-.11.116c-.47.447-1.098.69-1.747.674l-1.673-.006zm0-3.732v2.788h1.698c.377.012.741-.135 1.005-.404a1.391 1.391 0 0 0-1.005-2.354l-1.698-.03zm6.484 1.348c.65-.03 1.286.188 1.778.613.445.43.682 1.03.65 1.649v3.334h-.969v-.766h-.049a1.93 1.93 0 0 1-1.673.931 2.17 2.17 0 0 1-1.496-.533 1.667 1.667 0 0 1-.613-1.324 1.606 1.606 0 0 1 .613-1.336 2.746 2.746 0 0 1 1.698-.515c.517-.02 1.03.093 1.49.331v-.208a1.134 1.134 0 0 0-.417-.901 1.416 1.416 0 0 0-.98-.368 1.545 1.545 0 0 0-1.319.717l-.895-.564a2.488 2.488 0 0 1 2.182-1.06zM23.29 13.52a.79.79 0 0 0 .337.662c.223.176.5.269.785.263.429-.001.84-.17 1.146-.472.305-.286.478-.685.478-1.103a2.047 2.047 0 0 0-1.324-.374 1.716 1.716 0 0 0-1.03.294.883.883 0 0 0-.392.73zm9.286-3.75l-3.39 7.79h-1.048l1.281-2.728-2.224-5.062h1.103l1.612 3.885 1.569-3.885h1.097z\" fill=\"#5F6368\"><\/path>\n\t\t\t\t  <path d=\"M13.986 11.284c0-.308-.024-.616-.073-.92h-4.29v1.747h2.451a2.096 2.096 0 0 1-.9 1.373v1.134h1.464a4.433 4.433 0 0 0 1.348-3.334z\" fill=\"#4285F4\"><\/path>\n\t\t\t\t  <path d=\"M9.629 15.721a4.352 4.352 0 0 0 3.01-1.097l-1.466-1.14a2.752 2.752 0 0 1-4.094-1.44H5.577v1.17a4.53 4.53 0 0 0 4.052 2.507z\" fill=\"#34A853\"><\/path>\n\t\t\t\t  <path d=\"M7.079 12.05a2.709 2.709 0 0 1 0-1.735v-1.17H5.577a4.505 4.505 0 0 0 0 4.075l1.502-1.17z\" fill=\"#FBBC04\"><\/path>\n\t\t\t\t  <path d=\"M9.629 8.44a2.452 2.452 0 0 1 1.74.68l1.3-1.293a4.37 4.37 0 0 0-3.065-1.183 4.53 4.53 0 0 0-4.027 2.5l1.502 1.171a2.715 2.715 0 0 1 2.55-1.875z\" fill=\"#EA4335\"><\/path>\n\t\t\t\t\t<\/svg>\n \n<\/li><li class=\"list-payment__item\">\n                  <svg class=\"icon icon--full-color\" viewBox=\"0 0 38 24\" xmlns=\"http:\/\/www.w3.org\/2000\/svg\" role=\"img\" width=\"48\" height=\"30\" aria-labelledby=\"pi-master\"><title id=\"pi-master\">Mastercard<\/title>\n\t\t\t\t  <path opacity=\".07\" d=\"M35 0H3C1.3 0 0 1.3 0 3v18c0 1.7 1.4 3 3 3h32c1.7 0 3-1.3 3-3V3c0-1.7-1.4-3-3-3z\"><\/path>\n\t\t\t\t  <path fill=\"#fff\" d=\"M35 1c1.1 0 2 .9 2 2v18c0 1.1-.9 2-2 2H3c-1.1 0-2-.9-2-2V3c0-1.1.9-2 2-2h32\"><\/path><circle fill=\"#EB001B\" cx=\"15\" cy=\"12\" r=\"7\"><\/circle><circle fill=\"#F79E1B\" cx=\"23\" cy=\"12\" r=\"7\"><\/circle>\n\t\t\t\t  <path fill=\"#FF5F00\" d=\"M22 12c0-2.4-1.2-4.5-3-5.7-1.8 1.3-3 3.4-3 5.7s1.2 4.5 3 5.7c1.8-1.2 3-3.3 3-5.7z\"><\/path>\n\t\t\t\t\t<\/svg>\n \n<\/li><li class=\"list-payment__item\">\n                  <svg class=\"icon icon--full-color\" viewBox=\"0 0 38 24\" xmlns=\"http:\/\/www.w3.org\/2000\/svg\" width=\"48\" height=\"30\" role=\"img\" aria-labelledby=\"pi-paypal\"><title id=\"pi-paypal\">PayPal<\/title>\n\t\t\t\t  <path opacity=\".07\" d=\"M35 0H3C1.3 0 0 1.3 0 3v18c0 1.7 1.4 3 3 3h32c1.7 0 3-1.3 3-3V3c0-1.7-1.4-3-3-3z\"><\/path>\n\t\t\t\t  <path fill=\"#fff\" d=\"M35 1c1.1 0 2 .9 2 2v18c0 1.1-.9 2-2 2H3c-1.1 0-2-.9-2-2V3c0-1.1.9-2 2-2h32\"><\/path>\n\t\t\t\t  <path fill=\"#003087\" d=\"M23.9 8.3c.2-1 0-1.7-.6-2.3-.6-.7-1.7-1-3.1-1h-4.1c-.3 0-.5.2-.6.5L14 15.6c0 .2.1.4.3.4H17l.4-3.4 1.8-2.2 4.7-2.1z\"><\/path>\n\t\t\t\t  <path fill=\"#3086C8\" d=\"M23.9 8.3l-.2.2c-.5 2.8-2.2 3.8-4.6 3.8H18c-.3 0-.5.2-.6.5l-.6 3.9-.2 1c0 .2.1.4.3.4H19c.3 0 .5-.2.5-.4v-.1l.4-2.4v-.1c0-.2.3-.4.5-.4h.3c2.1 0 3.7-.8 4.1-3.2.2-1 .1-1.8-.4-2.4-.1-.5-.3-.7-.5-.8z\"><\/path>\n\t\t\t\t  <path fill=\"#012169\" d=\"M23.3 8.1c-.1-.1-.2-.1-.3-.1-.1 0-.2 0-.3-.1-.3-.1-.7-.1-1.1-.1h-3c-.1 0-.2 0-.2.1-.2.1-.3.2-.3.4l-.7 4.4v.1c0-.3.3-.5.6-.5h1.3c2.5 0 4.1-1 4.6-3.8v-.2c-.1-.1-.3-.2-.5-.2h-.1z\"><\/path>\n\t\t\t\t\t<\/svg>\n \n<\/li><li class=\"list-payment__item\">\n                  <svg class=\"icon icon--full-color\" xmlns=\"http:\/\/www.w3.org\/2000\/svg\" role=\"img\" viewBox=\"0 0 38 24\" width=\"48\" height=\"30\" aria-labelledby=\"pi-shopify_pay\"><title id=\"pi-shopify_pay\">Shop Pay<\/title>\n\t\t\t\t  <path opacity=\".07\" d=\"M35 0H3C1.3 0 0 1.3 0 3v18c0 1.7 1.4 3 3 3h32c1.7 0 3-1.3 3-3V3c0-1.7-1.4-3-3-3z\" fill=\"#000\"><\/path>\n\t\t\t\t  <path d=\"M35.889 0C37.05 0 38 .982 38 2.182v19.636c0 1.2-.95 2.182-2.111 2.182H2.11C.95 24 0 23.018 0 21.818V2.182C0 .982.95 0 2.111 0H35.89z\" fill=\"#5A31F4\"><\/path>\n\t\t\t\t  <path d=\"M9.35 11.368c-1.017-.223-1.47-.31-1.47-.705 0-.372.306-.558.92-.558.54 0 .934.238 1.225.704a.079.079 0 00.104.03l1.146-.584a.082.082 0 00.032-.114c-.475-.831-1.353-1.286-2.51-1.286-1.52 0-2.464.755-2.464 1.956 0 1.275 1.15 1.597 2.17 1.82 1.02.222 1.474.31 1.474.705 0 .396-.332.582-.993.582-.612 0-1.065-.282-1.34-.83a.08.08 0 00-.107-.035l-1.143.57a.083.083 0 00-.036.111c.454.92 1.384 1.437 2.627 1.437 1.583 0 2.539-.742 2.539-1.98s-1.155-1.598-2.173-1.82v-.003zM15.49 8.855c-.65 0-1.224.232-1.636.646a.04.04 0 01-.069-.03v-2.64a.08.08 0 00-.08-.081H12.27a.08.08 0 00-.08.082v8.194a.08.08 0 00.08.082h1.433a.08.08 0 00.081-.082v-3.594c0-.695.528-1.227 1.239-1.227.71 0 1.226.521 1.226 1.227v3.594a.08.08 0 00.081.082h1.433a.08.08 0 00.081-.082v-3.594c0-1.51-.981-2.577-2.355-2.577zM20.753 8.62c-.778 0-1.507.24-2.03.588a.082.082 0 00-.027.109l.632 1.088a.08.08 0 00.11.03 2.5 2.5 0 011.318-.366c1.25 0 2.17.891 2.17 2.068 0 1.003-.736 1.745-1.669 1.745-.76 0-1.288-.446-1.288-1.077 0-.361.152-.657.548-.866a.08.08 0 00.032-.113l-.596-1.018a.08.08 0 00-.098-.035c-.799.299-1.359 1.018-1.359 1.984 0 1.46 1.152 2.55 2.76 2.55 1.877 0 3.227-1.313 3.227-3.195 0-2.018-1.57-3.492-3.73-3.492zM28.675 8.843c-.724 0-1.373.27-1.845.746-.026.027-.069.007-.069-.029v-.572a.08.08 0 00-.08-.082h-1.397a.08.08 0 00-.08.082v8.182a.08.08 0 00.08.081h1.433a.08.08 0 00.081-.081v-2.683c0-.036.043-.054.069-.03a2.6 2.6 0 001.808.7c1.682 0 2.993-1.373 2.993-3.157s-1.313-3.157-2.993-3.157zm-.271 4.929c-.956 0-1.681-.768-1.681-1.783s.723-1.783 1.681-1.783c.958 0 1.68.755 1.68 1.783 0 1.027-.713 1.783-1.681 1.783h.001z\" fill=\"#fff\"><\/path>\n\t\t\t\t\t<\/svg>\n \n<\/li><li class=\"list-payment__item\">\n                  <svg class=\"icon icon--full-color\" viewBox=\"0 0 38 24\" xmlns=\"http:\/\/www.w3.org\/2000\/svg\" role=\"img\" width=\"48\" height=\"30\" aria-labelledby=\"pi-visa\"><title id=\"pi-visa\">Visa<\/title>\n\t\t\t\t  <path opacity=\".07\" d=\"M35 0H3C1.3 0 0 1.3 0 3v18c0 1.7 1.4 3 3 3h32c1.7 0 3-1.3 3-3V3c0-1.7-1.4-3-3-3z\"><\/path>\n\t\t\t\t  <path fill=\"#fff\" d=\"M35 1c1.1 0 2 .9 2 2v18c0 1.1-.9 2-2 2H3c-1.1 0-2-.9-2-2V3c0-1.1.9-2 2-2h32\"><\/path>\n\t\t\t\t  <path d=\"M28.3 10.1H28c-.4 1-.7 1.5-1 3h1.9c-.3-1.5-.3-2.2-.6-3zm2.9 5.9h-1.7c-.1 0-.1 0-.2-.1l-.2-.9-.1-.2h-2.4c-.1 0-.2 0-.2.2l-.3.9c0 .1-.1.1-.1.1h-2.1l.2-.5L27 8.7c0-.5.3-.7.8-.7h1.5c.1 0 .2 0 .2.2l1.4 6.5c.1.4.2.7.2 1.1.1.1.1.1.1.2zm-13.4-.3l.4-1.8c.1 0 .2.1.2.1.7.3 1.4.5 2.1.4.2 0 .5-.1.7-.2.5-.2.5-.7.1-1.1-.2-.2-.5-.3-.8-.5-.4-.2-.8-.4-1.1-.7-1.2-1-.8-2.4-.1-3.1.6-.4.9-.8 1.7-.8 1.2 0 2.5 0 3.1.2h.1c-.1.6-.2 1.1-.4 1.7-.5-.2-1-.4-1.5-.4-.3 0-.6 0-.9.1-.2 0-.3.1-.4.2-.2.2-.2.5 0 .7l.5.4c.4.2.8.4 1.1.6.5.3 1 .8 1.1 1.4.2.9-.1 1.7-.9 2.3-.5.4-.7.6-1.4.6-1.4 0-2.5.1-3.4-.2-.1.2-.1.2-.2.1zm-3.5.3c.1-.7.1-.7.2-1 .5-2.2 1-4.5 1.4-6.7.1-.2.1-.3.3-.3H18c-.2 1.2-.4 2.1-.7 3.2-.3 1.5-.6 3-1 4.5 0 .2-.1.2-.3.2M5 8.2c0-.1.2-.2.3-.2h3.4c.5 0 .9.3 1 .8l.9 4.4c0 .1 0 .1.1.2 0-.1.1-.1.1-.1l2.1-5.1c-.1-.1 0-.2.1-.2h2.1c0 .1 0 .1-.1.2l-3.1 7.3c-.1.2-.1.3-.2.4-.1.1-.3 0-.5 0H9.7c-.1 0-.2 0-.2-.2L7.9 9.5c-.2-.2-.5-.5-.9-.6-.6-.3-1.7-.5-1.9-.5L5 8.2z\" fill=\"#142688\"><\/path>\n\t\t\t\t\t<\/svg>\n                <\/li><\/ul>\n<style>\n    \/* ANIMATION HOVER *\/\n    .list-payment__item:hover {\n        transform: scale(1.1); \/*AGRANDISSEMENT AU SURVOL*\/\n        transition: transform 0.2s ease-in-out; \/*ADOUCIR LA TRANSITION*\/\n    }\n \n    .list-payment__item:hover svg {\n        filter: brightness(1.2); \/*CONSTRASTE AU SURVOL *\/\n    }\n<\/style>"}}},"block_order":["liquid_9AjnKH","title_tRhVNA","liquid_xV7gjJ","buy_buttons_ViWrWf","liquid_KYTnyh"],"settings":{"full_width":true,"product":"comfort-wireless-bra","desktop_media_width":55,"desktop_media_layout":"carousel_thumbnails_bottom","mobile_media_size":"expanded","mobile_carousel_control":"floating_dots","enable_video_autoplay":true,"enable_video_looping":false,"enable_image_zoom":true,"max_image_zoom_level":3,"background":"","background_gradient":"","text_color":"","input_background":"rgba(0,0,0,0)","input_text_color":""}},"tabs_DemMn7":{"type":"tabs","blocks":{"tab_yqA4MW":{"type":"tab","settings":{"title":"Specifications","content":"<p>Say goodbye to back bulges and hello to a sleek, sculpted silhouette. Designed to <strong>smooth, lift, and support<\/strong>, this bra gives you an effortlessly flattering shape with <strong>ultimate all-day comfort<\/strong>—no pinching, no rolling, just a perfect fit every time.<\/p><p>✅ <strong>100% Back Smoothing<\/strong> – No more bra lines or bulges, just a seamless look.<br\/>⬆️ <strong>Gravity-Defying Lift<\/strong> – Gradual lift cups enhance your natural shape.<br\/>🤍 <strong>Second-Skin Fit<\/strong> – Hugs your body for maximum comfort and support.<br\/>✨ <strong>Invisible Under Clothing<\/strong> – Smooths flawlessly under any top or dress.<\/p><p><strong>Fabric:<\/strong> 80% Nylon | 20% Spandex<br\/><strong>Lining:<\/strong> 83% Viscose | 17% Polyester<br\/><strong>Care:<\/strong> Machine wash cold. Do not bleach. Lay flat to dry.<\/p>","page":""}},"tab_h6Gmyg":{"type":"tab","settings":{"title":"Size Guide","content":"","page":"size-guide-2"}},"tab_acBBFg":{"type":"tab","settings":{"title":"Try it free for 30 days","content":"<p>Try MileVia risk-free for <strong>30 days. <\/strong>If you're not completely satisfied with your product, you can return it and <strong>receive a full refund.<\/strong><\/p>","page":""}},"tab_bRQMHH":{"type":"tab","settings":{"title":"Free Shipping","content":"<p>Get your MileVia delivered with free shipping in just 5-10 days.<\/p>","page":""}}},"block_order":["tab_yqA4MW","tab_h6Gmyg","tab_acBBFg","tab_bRQMHH"],"settings":{"full_width":true,"content_size":"medium","subheading":"","title":"","text_alignment":"left","first_tab_open":false,"background":"","background_gradient":"","text_color":"","heading_color":"","heading_gradient":""}},"faq_Qawwfa":{"type":"faq","blocks":{"item_7dKw4C":{"type":"item","settings":{"title":"What makes your bras different?","content":"<p>Our bras are designed for ultimate comfort, support, and a seamless fit. They stay in place all day, provide a natural lift, and smooth out your shape without feeling restrictive.<\/p>"}},"item_dFHzNa":{"type":"item","settings":{"title":"Can I wear this bra all day?","content":"<p>Absolutely! Our bras are made from ultra-soft, breathable fabric that’s perfect for all-day wear, so comfortable, you might even forget you’re wearing one!<\/p><p><\/p>"}},"item_DcTyHq":{"type":"item","settings":{"title":"How do I wash my bra?","content":"<p>For best results, we recommend <strong>hand washing<\/strong> or using a <strong>gentle cycle<\/strong> in a laundry bag. Avoid bleach and high heat to maintain the fabric’s quality.<\/p><p><\/p>"}},"item_xWw7G8":{"type":"item","settings":{"title":"Do you offer free shipping?","content":"<p>Yes! We offer <strong>free shipping on all orders!<\/strong><\/p>"}}},"block_order":["item_7dKw4C","item_dFHzNa","item_DcTyHq","item_xWw7G8"],"settings":{"full_width":true,"subheading":"","title":"FAQs","content":"","team_avatar_width":160,"support_hours":"","answer_time":"","button_text":"","button_url":"","text_position":"center","background":"","background_gradient":"","text_color":"","heading_color":"","heading_gradient":"","button_background":"","button_text_color":"","accordion_background":"","accordion_text_color":""}},"1740862917802b1978":{"type":"apps","blocks":{"stamped_reviews_main_widget_fW7Fff":{"type":"shopify:\/\/apps\/stamped-reviews\/blocks\/main-widget\/a103faaf-2125-4b0e-89fa-de5149736723","settings":{"animation":true,"tags_exclude":"","tags_include":"","search":"","linkify":true,"use_metafields":false,"sku_tagtype":"sku"}}},"block_order":["stamped_reviews_main_widget_fW7Fff"],"settings":{"full_width":true,"remove_vertical_spacing":false,"remove_horizontal_spacing":false,"background":"","background_gradient":"","text_color":""}}},"order":["main","image_with_text_overlay_8hmEMK","logo_list_tbdxTq","rich_text_HC4Gx6","text_with_icons_Lftckz","text_with_icons_afrqUg","rich_text_xiWjbK","video_WFqJhi","multi_column_rn9rMX","featured_product_JPagKf","tabs_DemMn7","faq_Qawwfa","1740862917802b1978"]}