{"sections":{"main":{"type":"main-product","blocks":{"vendor":{"type":"vendor","settings":{}},"title":{"type":"title","settings":{"heading_tag":"h2"}},"badges":{"type":"badges","settings":{}},"price":{"type":"price","settings":{"show_taxes_notice":false}},"rating":{"type":"rating","settings":{"show_empty":false}},"payment_terms":{"type":"payment_terms","settings":{}},"separator":{"type":"separator","settings":{}},"description":{"type":"description","settings":{"icon":"none","icon_width":20,"collapse_content":false}},"variant_picker":{"type":"variant_picker","settings":{"hide_sold_out_variants":false,"stack_blocks":true,"selector_style":"block","swatch_selector_style":"swatch","variant_image_options":"","size_chart_page":""}},"quantity_selector":{"type":"quantity_selector","settings":{}},"buy_buttons":{"type":"buy_buttons","settings":{"show_payment_button":true,"show_gift_card_recipient":true,"atc_button_background":"","atc_button_text_color":"","payment_button_background":"","payment_button_text_color":""}}},"block_order":["vendor","title","badges","price","rating","payment_terms","separator","description","variant_picker","quantity_selector","buy_buttons"],"disabled":true,"settings":{"full_width":true,"show_fixed_add_to_cart":true,"desktop_media_width":55,"desktop_media_layout":"carousel_thumbnails_left","mobile_media_size":"expanded","mobile_carousel_control":"floating_dots","enable_video_autoplay":false,"enable_video_looping":true,"enable_image_zoom":true,"max_image_zoom_level":3,"background":"","background_gradient":"","text_color":"","input_background":"rgba(0,0,0,0)","input_text_color":""}},"image_with_text_overlay_8hmEMK":{"type":"image-with-text-overlay","blocks":{"heading_ArBy8F":{"type":"heading","settings":{"text":"We help you lift more than just your shape","heading_tag":"h2"}}},"block_order":["heading_ArBy8F"],"settings":{"full_width":true,"allow_transparent_header":false,"enable_parallax":false,"image_size":"auto","image":"shopify:\/\/shop_images\/braANNER2.png","mobile_text_position":"place-self-center text-center","desktop_text_position":"sm:place-self-center sm:text-center","text_color":"#f5ede3","overlay_color":"#000000","overlay_opacity":0}},"logo_list_tbdxTq":{"type":"logo-list","blocks":{"logo_8V8Gbr":{"type":"logo","settings":{"logo":"shopify:\/\/shop_images\/GQ_1.png","logo_width":150,"link":""}},"logo_G6e6Fi":{"type":"logo","settings":{"logo":"shopify:\/\/shop_images\/COSMOPOLITAN.png","logo_width":150,"link":""}},"logo_beViC3":{"type":"logo","settings":{"logo":"shopify:\/\/shop_images\/VOGUE.png","logo_width":150,"link":""}},"logo_cxJmFR":{"type":"logo","settings":{"logo":"shopify:\/\/shop_images\/GLAMOUR.png","logo_width":150,"link":""}}},"block_order":["logo_8V8Gbr","logo_G6e6Fi","logo_beViC3","logo_cxJmFR"],"settings":{"full_width":true,"stack_mobile":true,"title":"As seen on","content":"","text_alignment":"start","items_per_row":4,"background":"","background_gradient":"","text_color":"","heading_color":"","heading_gradient":"","logo_item_background":"","logo_item_border":""}},"rich_text_HC4Gx6":{"type":"rich-text","blocks":{"heading_npUy7z":{"type":"heading","settings":{"text":"Why Choose Us","heading_tag":"h1","text_color":"","gradient":""}}},"block_order":["heading_npUy7z"],"settings":{"full_width":true,"content_width":"small","text_position":"center","background":"","background_gradient":"","text_color":""}},"text_with_icons_Lftckz":{"type":"text-with-icons","blocks":{"item_HEMi6Y":{"type":"item","settings":{"icon":"picto-coupon","custom_icon":"shopify:\/\/shop_images\/silhouette-de-robe-sexy-feminine.png","mobile_icon_width":72,"icon_width":72,"icon_background_type":"none","icon_background":"","icon_color":"","title":"Say Goodbye to Back Bulges","content":"<p>Smooths and shapes your back for a sleek, seamless look under any outfit. No more awkward bra lines<\/p>"}},"item_PRqcgX":{"type":"item","settings":{"icon":"picto-coupon","custom_icon":"shopify:\/\/shop_images\/doux.png","mobile_icon_width":72,"icon_width":72,"icon_background_type":"none","icon_background":"","icon_color":"","title":"Incredibly Soft","content":"<p>Our fabrics are <strong>gentle on sensitive skin<\/strong>, ensuring <strong>all-day comfort<\/strong> without irritation<\/p>"}},"item_394TG3":{"type":"item","settings":{"icon":"picto-coupon","custom_icon":"shopify:\/\/shop_images\/respirant.png","mobile_icon_width":72,"icon_width":72,"icon_background_type":"none","icon_background":"","icon_color":"","title":"Ultra Breathable","content":"<p>Lightweight and <strong>wicks<\/strong> <strong>sweat away<\/strong>, it keeps you <strong>cool and fresh<\/strong><\/p>"}}},"block_order":["item_HEMi6Y","item_PRqcgX","item_394TG3"],"settings":{"full_width":true,"stack_on_mobile":false,"title":"","heading_tag":"h5","text_alignment":"center","icon_spacing":"medium","background":"","background_gradient":"","text_color":""}},"text_with_icons_afrqUg":{"type":"text-with-icons","blocks":{"item_GgmMdJ":{"type":"item","settings":{"icon":"picto-coupon","custom_icon":"shopify:\/\/shop_images\/360-degres.png","mobile_icon_width":72,"icon_width":72,"icon_background_type":"none","icon_background":"","icon_color":"","title":"360° Sculpting Support","content":"<p>Designed to <strong>move with you<\/strong>, this bra <strong>hugs your curves<\/strong> for a <strong>flawless, seamless<\/strong> look<\/p>"}},"item_eNTDRT":{"type":"item","settings":{"icon":"picto-coupon","custom_icon":"shopify:\/\/shop_images\/flocon-de-neige.png","mobile_icon_width":72,"icon_width":72,"icon_background_type":"none","icon_background":"","icon_color":"","title":"Cool & Comfortable","content":"<p>Our products are made to be better—more comfortable, supportive, and long-lasting than regular activewear<\/p>"}},"item_t6MKfh":{"type":"item","settings":{"icon":"picto-coupon","custom_icon":"shopify:\/\/shop_images\/facile-a-utiliser.png","mobile_icon_width":72,"icon_width":72,"icon_background_type":"none","icon_background":"","icon_color":"","title":"Forget Constant Adjustments","content":"<p>No more pulling, tugging, or fixing straps throughout the day, just effortless, all-day confidence<\/p>"}}},"block_order":["item_GgmMdJ","item_eNTDRT","item_t6MKfh"],"settings":{"full_width":true,"stack_on_mobile":false,"title":"","heading_tag":"h5","text_alignment":"center","icon_spacing":"medium","background":"","background_gradient":"","text_color":""}},"rich_text_xiWjbK":{"type":"rich-text","blocks":{"heading_NiNjjD":{"type":"heading","settings":{"text":"Instant Lift, Smooth Back – See the Magic in Action!","heading_tag":"h2","text_color":"","gradient":""}}},"block_order":["heading_NiNjjD"],"settings":{"full_width":true,"content_width":"small","text_position":"center","background":"","background_gradient":"","text_color":""}},"video_WFqJhi":{"type":"video","settings":{"full_width":true,"allow_transparent_header":false,"autoplay":true,"video_size":"auto","video":"shopify:\/\/files\/videos\/backbraiVid (1).mp4","external_video_url":"https:\/\/www.youtube.com\/watch?v=_9VUPq3SxOc","text_color":"#ffffff","overlay_color":"#000000","overlay_opacity":0}},"multi_column_rn9rMX":{"type":"multi-column","blocks":{"item_mn7LHa":{"type":"item","settings":{"image":"shopify:\/\/shop_images\/BRAREVIEWS1.png","column_size":"3","title":"Jacqueline S.","heading_tag":"h4","content":"<p>I was skeptical at first, thinking this would be just another disappointment. But wow, was I wrong! I now own two and will definitely be buying more. The comfort is unmatched, the support is amazing, and the best part? It holds up perfectly in the wash no need to remove the padding!<\/p>","link_url":"","link_text":"","link_style":"link"}},"item_eqFKCP":{"type":"item","settings":{"image":"shopify:\/\/shop_images\/BRAREVIEWS2.png","column_size":"3","title":"Emily A.","heading_tag":"h4","content":"<p>Pair text with an image to focus on your chosen product, collection, or blog post. Add details on availability, style, or even provide a review.<\/p>","link_url":"","link_text":"","link_style":"link"}},"item_BVEpBq":{"type":"item","settings":{"image":"shopify:\/\/shop_images\/BRAREVIEWS3.png","column_size":"3","title":"Brenda W.","heading_tag":"h4","content":"<p>I’m truly amazed at how well this bra fits! It stays in place all day without rolling up or needing constant adjustments like others I’ve tried. The support and comfort are unmatched definitely my new go-to, and I’ll be getting more!<\/p>","link_url":"","link_text":"","link_style":"link"}},"item_M6ygc3":{"type":"item","settings":{"image":"shopify:\/\/shop_images\/BRAREVIEWS4.png","column_size":"3","title":"Elizabeth R.","heading_tag":"h4","content":"<p>I absolutely love the fabric it's incredibly soft with just the right amount of stretch! It feels so gentle against the skin, making it perfect for all-day wear. Plus, the support is amazing, giving me both comfort and confidence throughout the day!<\/p>","link_url":"","link_text":"","link_style":"link"}},"item_nFyiGm":{"type":"item","settings":{"image":"shopify:\/\/shop_images\/BRAREVIEWS5.png","column_size":"3","title":"Maria V.","heading_tag":"h4","content":"<p>I wasn’t expecting much from this bra, but I’m honestly so impressed! It’s incredibly comfortable, stays in place all day, and provides a great lift while smoothing my back. It may not be the most stylish bra out there, but it does exactly what I need and I’m already planning to buy more!<\/p>","link_url":"","link_text":"","link_style":"link"}},"item_XGgQmw":{"type":"item","settings":{"image":"shopify:\/\/shop_images\/BRAREVIEWS6.png","column_size":"3","title":"Janice L.","heading_tag":"h4","content":"<p>This bra is an absolute game-changer! The comfort is unmatched, and the lift is incredible. It fits so seamlessly that I forget I’m even wearing it definitely a new favorite!<\/p>","link_url":"","link_text":"","link_style":"link"}}},"block_order":["item_mn7LHa","item_eqFKCP","item_BVEpBq","item_M6ygc3","item_nFyiGm","item_XGgQmw"],"settings":{"full_width":true,"stack_on_mobile":false,"gap":"medium","text_alignment":"start","subheading":"","title":"Our customers say it best!","content":"","background":"","background_gradient":"","text_color":""}},"featured_product_JPagKf":{"type":"featured-product","blocks":{"liquid_9AjnKH":{"type":"liquid","settings":{"liquid":"<style>\n    .rating {\n        display: inline-flex;\n        align-items: center;\n        font-size: 1.2rem;\n        font-family: Arial, sans-serif;\n    }\n\n    .star {\n        color: #20EC8B; \/* Green star color *\/\n        font-size: 1.2rem;\n        margin-right: -3px;\n    }\n\n    .rating-text {\n        margin-left: 5px;\n        font-size: 1rem;\n        color: black;\n        font-style: italic;\n    }\n\n    .bold {\n        font-weight: bold;\n    }\n<\/style>\n\n<div class=\"rating\">\n    <span class=\"star\">&#9733;<\/span>\n    <span class=\"star\">&#9733;<\/span>\n    <span class=\"star\">&#9733;<\/span>\n    <span class=\"star\">&#9733;<\/span>\n    <span class=\"star\">&#9733;<\/span>\n    <div class=\"rating-text\">\n        <span class=\"bold\">(4.9\/5)<\/span> Loved 35,000+ Customers\n    <\/div>\n<\/div>"}},"title_tRhVNA":{"type":"title","settings":{"heading_tag":"h2"}},"separator_76EHB6":{"type":"separator","settings":{}},"liquid_DLDFGw":{"type":"liquid","settings":{"liquid":"<style>\n    .benefits-list {\n        font-family: Arial, sans-serif;\n        font-size: 1rem;\n        color: black;\n        line-height: 1.8;\n    }\n\n    .benefit-item {\n        display: flex;\n        align-items: center;\n        font-weight: bold;\n    }\n\n    .benefit-item span {\n        margin-left: 8px;\n        font-weight: normal;\n    }\n\n    .emoji {\n        font-size: 1.2rem;\n    }\n<\/style>\n\n<div class=\"benefits-list\">\n    <div class=\"benefit-item\">\n        <span class=\"emoji\">✨<\/span> Sculpting & Supportive: <span>Engineered to shape and hold<\/span>\n    <\/div>\n    <div class=\"benefit-item\">\n        <span class=\"emoji\">😊<\/span> All-Day Comfort: <span>Soft, breathable fabric for all-day comfort<\/span>\n    <\/div>\n    <div class=\"benefit-item\">\n        <span class=\"emoji\">💜<\/span> Adjustable Fit: <span>Wide, padded straps with multiple settings<\/span>\n    <\/div>\n<\/div>"}},"liquid_xV7gjJ":{"type":"liquid","settings":{"liquid":"{% if product.available %}\n  <div class=\"urgency-box\">\n    🚨 <strong>Hurry! Limited Stock Available.<\/strong>  \n    {% if product.inventory_quantity < 20 %}\n      Only <strong>{{ product.inventory_quantity }}<\/strong> left – order now!  \n    {% else %}\n      Offer ends soon – don’t miss out!\n    {% endif %}\n  <\/div>\n\n  <style>\n    .urgency-box {\n      background: #D32F2F; \/* Bold red for urgency *\/\n      color: #FFFFFF; \/* White text for high contrast *\/\n      padding: 12px;\n      font-size: 16px;\n      font-weight: bold;\n      text-align: center;\n      border-radius: 8px;\n      margin-top: 10px;\n      border: 2px solid #C2185B; \/* Deep pink border for extra emphasis *\/\n    }\n  <\/style>\n{% endif %}"}},"buy_buttons_ViWrWf":{"type":"buy_buttons","settings":{"show_payment_button":false,"show_gift_card_recipient":true,"atc_button_background":"","atc_button_text_color":"","payment_button_background":"","payment_button_text_color":""}}},"block_order":["liquid_9AjnKH","title_tRhVNA","separator_76EHB6","liquid_DLDFGw","liquid_xV7gjJ","buy_buttons_ViWrWf"],"settings":{"full_width":true,"product":"smoothing-shaping-bra","desktop_media_width":55,"desktop_media_layout":"carousel_thumbnails_bottom","mobile_media_size":"expanded","mobile_carousel_control":"floating_dots","enable_video_autoplay":true,"enable_video_looping":false,"enable_image_zoom":true,"max_image_zoom_level":3,"background":"","background_gradient":"","text_color":"","input_background":"rgba(0,0,0,0)","input_text_color":""}},"tabs_DemMn7":{"type":"tabs","blocks":{"tab_yqA4MW":{"type":"tab","settings":{"title":"Specifications","content":"<p>Say goodbye to back bulges and hello to a sleek, sculpted silhouette. Designed to <strong>smooth, lift, and support<\/strong>, this bra gives you an effortlessly flattering shape with <strong>ultimate all-day comfort<\/strong>—no pinching, no rolling, just a perfect fit every time.<\/p><p>✅ <strong>100% Back Smoothing<\/strong> – No more bra lines or bulges, just a seamless look.<br\/>⬆️ <strong>Gravity-Defying Lift<\/strong> – Gradual lift cups enhance your natural shape.<br\/>🤍 <strong>Second-Skin Fit<\/strong> – Hugs your body for maximum comfort and support.<br\/>✨ <strong>Invisible Under Clothing<\/strong> – Smooths flawlessly under any top or dress.<\/p><p><strong>Fabric:<\/strong> 80% Nylon | 20% Spandex<br\/><strong>Lining:<\/strong> 83% Viscose | 17% Polyester<br\/><strong>Care:<\/strong> Machine wash cold. Do not bleach. Lay flat to dry.<\/p>","page":""}},"tab_acBBFg":{"type":"tab","settings":{"title":"Try it free for 30 days","content":"<p>Try MileVia risk-free for <strong>30 days. <\/strong>If you're not completely satisfied with your product, you can return it and <strong>receive a full refund.<\/strong><\/p>","page":""}},"tab_bRQMHH":{"type":"tab","settings":{"title":"Free Shipping","content":"<p>Get your MileVia delivered with free shipping in just 5-10 days.<\/p>","page":""}}},"block_order":["tab_yqA4MW","tab_acBBFg","tab_bRQMHH"],"settings":{"full_width":true,"content_size":"medium","subheading":"","title":"","text_alignment":"left","first_tab_open":false,"background":"","background_gradient":"","text_color":"","heading_color":"","heading_gradient":""}},"faq_Qawwfa":{"type":"faq","blocks":{"item_7dKw4C":{"type":"item","settings":{"title":"What makes your bras different?","content":"<p>Our bras are designed for ultimate comfort, support, and a seamless fit. They stay in place all day, provide a natural lift, and smooth out your shape without feeling restrictive.<\/p>"}},"item_dFHzNa":{"type":"item","settings":{"title":"Can I wear this bra all day?","content":"<p>Absolutely! Our bras are made from ultra-soft, breathable fabric that’s perfect for all-day wear, so comfortable, you might even forget you’re wearing one!<\/p><p><\/p>"}},"item_DcTyHq":{"type":"item","settings":{"title":"How do I wash my bra?","content":"<p>For best results, we recommend <strong>hand washing<\/strong> or using a <strong>gentle cycle<\/strong> in a laundry bag. Avoid bleach and high heat to maintain the fabric’s quality.<\/p><p><\/p>"}},"item_xWw7G8":{"type":"item","settings":{"title":"Do you offer free shipping?","content":"<p>Yes! We offer <strong>free shipping on all orders!<\/strong><\/p>"}}},"block_order":["item_7dKw4C","item_dFHzNa","item_DcTyHq","item_xWw7G8"],"settings":{"full_width":true,"subheading":"","title":"FAQs","content":"","team_avatar_width":160,"support_hours":"","answer_time":"","button_text":"","button_url":"","text_position":"center","background":"","background_gradient":"","text_color":"","heading_color":"","heading_gradient":"","button_background":"","button_text_color":"","accordion_background":"","accordion_text_color":""}}},"order":["main","image_with_text_overlay_8hmEMK","logo_list_tbdxTq","rich_text_HC4Gx6","text_with_icons_Lftckz","text_with_icons_afrqUg","rich_text_xiWjbK","video_WFqJhi","multi_column_rn9rMX","featured_product_JPagKf","tabs_DemMn7","faq_Qawwfa"]}